{"_type":"export","__export_format":4,"__export_date":"2024-03-08T12:41:41.763Z","__export_source":"insomnia.desktop.app:v2023.2.2","resources":[{"_id":"req_f39b8ddae3db4d95ade0b01d46ac6ab7","parentId":"wrk_3237fc566e5d4229958c7b11b8d47607","modified":1709894755769,"created":1686777126236,"url":"localhost:8080/categoria","name":"listar","description":"","method":"GET","body":{},"parameters":[],"headers":[],"authentication":{},"metaSortKey":-1686777126236,"isPrivate":false,"settingStoreCookies":true,"settingSendCookies":true,"settingDisableRenderRequestBody":false,"settingEncodeUrl":true,"settingRebuildPath":true,"settingFollowRedirects":"global","_type":"request"},{"_id":"wrk_3237fc566e5d4229958c7b11b8d47607","parentId":null,"modified":1686777126220,"created":1686777126220,"name":"New Document","description":"","scope":"design","_type":"workspace"},{"_id":"req_537ed115c80f4390b76e7c61804f698f","parentId":"wrk_3237fc566e5d4229958c7b11b8d47607","modified":1709894765693,"created":1709894763180,"url":"localhost:8080/categoria/1","name":"detalhar","description":"","method":"GET","body":{},"parameters":[],"headers":[],"authentication":{},"metaSortKey":-1686777126186,"isPrivate":false,"settingStoreCookies":true,"settingSendCookies":true,"settingDisableRenderRequestBody":false,"settingEncodeUrl":true,"settingRebuildPath":true,"settingFollowRedirects":"global","_type":"request"},{"_id":"req_2431f5e76ef6466bb7d02ad31e9e92c1","parentId":"wrk_3237fc566e5d4229958c7b11b8d47607","modified":1709894817327,"created":1709894814124,"url":"localhost:8080/categoria/1","name":"apagar","description":"","method":"DELETE","body":{},"parameters":[],"headers":[],"authentication":{},"metaSortKey":-1686777126161,"isPrivate":false,"settingStoreCookies":true,"settingSendCookies":true,"settingDisableRenderRequestBody":false,"settingEncodeUrl":true,"settingRebuildPath":true,"settingFollowRedirects":"global","_type":"request"},{"_id":"req_5c30d7cb64604088a647f8a67078b7e4","parentId":"wrk_3237fc566e5d4229958c7b11b8d47607","modified":1709894807143,"created":1709894771467,"url":"localhost:8080/categoria","name":"cadastrar","description":"","method":"POST","body":{"mimeType":"application/json","text":"{\n    \"nome\": \"Alimentação\",\n    \"icone\": \"fast-food\"\n}\n"},"parameters":[],"headers":[{"name":"Content-Type","value":"application/json"}],"authentication":{},"metaSortKey":-1686777126136,"isPrivate":false,"settingStoreCookies":true,"settingSendCookies":true,"settingDisableRenderRequestBody":false,"settingEncodeUrl":true,"settingRebuildPath":true,"settingFollowRedirects":"global","_type":"request"},{"_id":"req_ece58918a1c846ee91144702d028727c","parentId":"wrk_3237fc566e5d4229958c7b11b8d47607","modified":1709894829396,"created":1709894823900,"url":"localhost:8080/categoria/1","name":"atualizar","description":"","method":"PUT","body":{"mimeType":"application/json","text":"{\n    \"nome\": \"Alimentação\",\n    \"icone\": \"fast-food\"\n}\n"},"parameters":[],"headers":[{"name":"Content-Type","value":"application/json"}],"authentication":{},"metaSortKey":-1686777126086,"isPrivate":false,"settingStoreCookies":true,"settingSendCookies":true,"settingDisableRenderRequestBody":false,"settingEncodeUrl":true,"settingRebuildPath":true,"settingFollowRedirects":"global","_type":"request"},{"_id":"env_37d8ff08b71449df1b3ac444cb566e4294c10301","parentId":"wrk_3237fc566e5d4229958c7b11b8d47607","modified":1686777126226,"created":1686777126226,"name":"Base Environment","data":{},"dataPropertyOrder":null,"color":null,"isPrivate":false,"metaSortKey":1686777126226,"_type":"environment"},{"_id":"jar_37d8ff08b71449df1b3ac444cb566e4294c10301","parentId":"wrk_3237fc566e5d4229958c7b11b8d47607","modified":1686777126230,"created":1686777126230,"name":"Default Jar","cookies":[],"_type":"cookie_jar"},{"_id":"spc_4a60771ca2fd44f18c2b49f1f87d52ae","parentId":"wrk_3237fc566e5d4229958c7b11b8d47607","modified":1709894728243,"created":1686777126221,"fileName":"New Document","contents":"","contentType":"yaml","_type":"api_spec"},{"_id":"uts_d7c4e1165ffd4ee3b5ebbfc3235dcf68","parentId":"wrk_3237fc566e5d4229958c7b11b8d47607","modified":1686777126239,"created":1686777126239,"name":"Example Test Suite","_type":"unit_test_suite"}]}